Workbook

Sheet DATOS
A1: Material | B1: Texto breve de material | C1: Almacén | D1: Libre utilización | E1: UMB | F1: Valor libre util
A2: ← Pega aquí la exportación de SAP

Sheet DASHBOARD
A1: 📦 LISTA DE PRODUCTOS TERMINADOS - PSF
A2: Actualizado: | B2: =TODAY()
A4: CÓDIGO | B4: DESCRIPCIÓN | C4: ALMACÉN | D4: CANTIDAD (KG) | E4: ESTADO
A5: =IF(ROWS($A$5:A5)<=COUNTA(DATOS!$A$2:$A$1000),INDEX(DATOS!$A$2:$A$1000,ROWS($A$5:A5)),"") | B5: =IF(A5="","",INDEX(DATOS!$B$2:$B$1000,MATCH(A5,DATOS!$A$2:$A$1000,0))) | C5: =IF(A5="","",INDEX(DATOS!$C$2:$C$1000,MATCH(A5,DATOS!$A$2:$A$1000,0))) | D5: =IF(A5="","",INDEX(DATOS!$D$2:$D$1000,MATCH(A5,DATOS!$A$2:$A$1000,0))) | E5: =IF(A5="","",IF(D5=0,"AGOTADO",IF(D5<100,"⚠ BAJO","✓ DISPONIBLE")))
A6: =IF(ROWS($A$5:A6)<=COUNTA(DATOS!$A$2:$A$1000),INDEX(DATOS!$A$2:$A$1000,ROWS($A$5:A6)),"") | B6: =IF(A6="","",INDEX(DATOS!$B$2:$B$1000,MATCH(A6,DATOS!$A$2:$A$1000,0))) | C6: =IF(A6="","",INDEX(DATOS!$C$2:$C$1000,MATCH(A6,DATOS!$A$2:$A$1000,0))) | D6: =IF(A6="","",INDEX(DATOS!$D$2:$D$1000,MATCH(A6,DATOS!$A$2:$A$1000,0))) | E6: =IF(A6="","",IF(D6=0,"AGOTADO",IF(D6<100,"⚠ BAJO","✓ DISPONIBLE")))
A7: =IF(ROWS($A$5:A7)<=COUNTA(DATOS!$A$2:$A$1000),INDEX(DATOS!$A$2:$A$1000,ROWS($A$5:A7)),"") | B7: =IF(A7="","",INDEX(DATOS!$B$2:$B$1000,MATCH(A7,DATOS!$A$2:$A$1000,0))) | C7: =IF(A7="","",INDEX(DATOS!$C$2:$C$1000,MATCH(A7,DATOS!$A$2:$A$1000,0))) | D7: =IF(A7="","",INDEX(DATOS!$D$2:$D$1000,MATCH(A7,DATOS!$A$2:$A$1000,0))) | E7: =IF(A7="","",IF(D7=0,"AGOTADO",IF(D7<100,"⚠ BAJO","✓ DISPONIBLE")))
A8: =IF(ROWS($A$5:A8)<=COUNTA(DATOS!$A$2:$A$1000),INDEX(DATOS!$A$2:$A$1000,ROWS($A$5:A8)),"") | B8: =IF(A8="","",INDEX(DATOS!$B$2:$B$1000,MATCH(A8,DATOS!$A$2:$A$1000,0))) | C8: =IF(A8="","",INDEX(DATOS!$C$2:$C$1000,MATCH(A8,DATOS!$A$2:$A$1000,0))) | D8: =IF(A8="","",INDEX(DATOS!$D$2:$D$1000,MATCH(A8,DATOS!$A$2:$A$1000,0))) | E8: =IF(A8="","",IF(D8=0,"AGOTADO",IF(D8<100,"⚠ BAJO","✓ DISPONIBLE")))
A9: =IF(ROWS($A$5:A9)<=COUNTA(DATOS!$A$2:$A$1000),INDEX(DATOS!$A$2:$A$1000,ROWS($A$5:A9)),"") | B9: =IF(A9="","",INDEX(DATOS!$B$2:$B$1000,MATCH(A9,DATOS!$A$2:$A$1000,0))) | C9: =IF(A9="","",INDEX(DATOS!$C$2:$C$1000,MATCH(A9,DATOS!$A$2:$A$1000,0))) | D9: =IF(A9="","",INDEX(DATOS!$D$2:$D$1000,MATCH(A9,DATOS!$A$2:$A$1000,0))) | E9: =IF(A9="","",IF(D9=0,"AGOTADO",IF(D9<100,"⚠ BAJO","✓ DISPONIBLE")))
A10: =IF(ROWS($A$5:A10)<=COUNTA(DATOS!$A$2:$A$1000),INDEX(DATOS!$A$2:$A$1000,ROWS($A$5:A10)),"") | B10: =IF(A10="","",INDEX(DATOS!$B$2:$B$1000,MATCH(A10,DATOS!$A$2:$A$1000,0))) | C10: =IF(A10="","",INDEX(DATOS!$C$2:$C$1000,MATCH(A10,DATOS!$A$2:$A$1000,0))) | D10: =IF(A10="","",INDEX(DATOS!$D$2:$D$1000,MATCH(A10,DATOS!$A$2:$A$1000,0))) | E10: =IF(A10="","",IF(D10=0,"AGOTADO",IF(D10<100,"⚠ BAJO","✓ DISPONIBLE")))
A11: =IF(ROWS($A$5:A11)<=COUNTA(DATOS!$A$2:$A$1000),INDEX(DATOS!$A$2:$A$1000,ROWS($A$5:A11)),"") | B11: =IF(A11="","",INDEX(DATOS!$B$2:$B$1000,MATCH(A11,DATOS!$A$2:$A$1000,0))) | C11: =IF(A11="","",INDEX(DATOS!$C$2:$C$1000,MATCH(A11,DATOS!$A$2:$A$1000,0))) | D11: =IF(A11="","",INDEX(DATOS!$D$2:$D$1000,MATCH(A11,DATOS!$A$2:$A$1000,0))) | E11: =IF(A11="","",IF(D11=0,"AGOTADO",IF(D11<100,"⚠ BAJO","✓ DISPONIBLE")))
A12: =IF(ROWS($A$5:A12)<=COUNTA(DATOS!$A$2:$A$1000),INDEX(DATOS!$A$2:$A$1000,ROWS($A$5:A12)),"") | B12: =IF(A12="","",INDEX(DATOS!$B$2:$B$1000,MATCH(A12,DATOS!$A$2:$A$1000,0))) | C12: =IF(A12="","",INDEX(DATOS!$C$2:$C$1000,MATCH(A12,DATOS!$A$2:$A$1000,0))) | D12: =IF(A12="","",INDEX(DATOS!$D$2:$D$1000,MATCH(A12,DATOS!$A$2:$A$1000,0))) | E12: =IF(A12="","",IF(D12=0,"AGOTADO",IF(D12<100,"⚠ BAJO","✓ DISPONIBLE")))
A13: =IF(ROWS($A$5:A13)<=COUNTA(DATOS!$A$2:$A$1000),INDEX(DATOS!$A$2:$A$1000,ROWS($A$5:A13)),"") | B13: =IF(A13="","",INDEX(DATOS!$B$2:$B$1000,MATCH(A13,DATOS!$A$2:$A$1000,0))) | C13: =IF(A13="","",INDEX(DATOS!$C$2:$C$1000,MATCH(A13,DATOS!$A$2:$A$1000,0))) | D13: =IF(A13="","",INDEX(DATOS!$D$2:$D$1000,MATCH(A13,DATOS!$A$2:$A$1000,0))) | E13: =IF(A13="","",IF(D13=0,"AGOTADO",IF(D13<100,"⚠ BAJO","✓ DISPONIBLE")))
A14: =IF(ROWS($A$5:A14)<=COUNTA(DATOS!$A$2:$A$1000),INDEX(DATOS!$A$2:$A$1000,ROWS($A$5:A14)),"") | B14: =IF(A14="","",INDEX(DATOS!$B$2:$B$1000,MATCH(A14,DATOS!$A$2:$A$1000,0))) | C14: =IF(A14="","",INDEX(DATOS!$C$2:$C$1000,MATCH(A14,DATOS!$A$2:$A$1000,0))) | D14: =IF(A14="","",INDEX(DATOS!$D$2:$D$1000,MATCH(A14,DATOS!$A$2:$A$1000,0))) | E14: =IF(A14="","",IF(D14=0,"AGOTADO",IF(D14<100,"⚠ BAJO","✓ DISPONIBLE")))
A15: =IF(ROWS($A$5:A15)<=COUNTA(DATOS!$A$2:$A$1000),INDEX(DATOS!$A$2:$A$1000,ROWS($A$5:A15)),"") | B15: =IF(A15="","",INDEX(DATOS!$B$2:$B$1000,MATCH(A15,DATOS!$A$2:$A$1000,0))) | C15: =IF(A15="","",INDEX(DATOS!$C$2:$C$1000,MATCH(A15,DATOS!$A$2:$A$1000,0))) | D15: =IF(A15="","",INDEX(DATOS!$D$2:$D$1000,MATCH(A15,DATOS!$A$2:$A$1000,0))) | E15: =IF(A15="","",IF(D15=0,"AGOTADO",IF(D15<100,"⚠ BAJO","✓ DISPONIBLE")))
A16: =IF(ROWS($A$5:A16)<=COUNTA(DATOS!$A$2:$A$1000),INDEX(DATOS!$A$2:$A$1000,ROWS($A$5:A16)),"") | B16: =IF(A16="","",INDEX(DATOS!$B$2:$B$1000,MATCH(A16,DATOS!$A$2:$A$1000,0))) | C16: =IF(A16="","",INDEX(DATOS!$C$2:$C$1000,MATCH(A16,DATOS!$A$2:$A$1000,0))) | D16: =IF(A16="","",INDEX(DATOS!$D$2:$D$1000,MATCH(A16,DATOS!$A$2:$A$1000,0))) | E16: =IF(A16="","",IF(D16=0,"AGOTADO",IF(D16<100,"⚠ BAJO","✓ DISPONIBLE")))
... A99: =IF(ROWS($A$5:A99)<=COUNTA(DATOS!$A$2:$A$1000),INDEX(DATOS!$A$2:$A$1000,ROWS($A$5:A99)),"") | B99: =IF(A99="","",INDEX(DATOS!$B$2:$B$1000,MATCH(A99,DATOS!$A$2:$A$1000,0))) | C99: =IF(A99="","",INDEX(DATOS!$C$2:$C$1000,MATCH(A99,DATOS!$A$2:$A$1000,0))) | D99: =IF(A99="","",INDEX(DATOS!$D$2:$D$1000,MATCH(A99,DATOS!$A$2:$A$1000,0))) | E99: =IF(A99="","",IF(D99=0,"AGOTADO",IF(D99<100,"⚠ BAJO","✓ DISPONIBLE")))

Sheet INSTRUCCIONES
A2: PASO 1: Exportar desde SAP
A3: • Ve a SAP → Visualizar stocks en almacén por material
A4: • Exporta a Excel (debe incluir: Material, Texto, Almacén, Libre utilización, UMB)
A6: PASO 2: Pegar datos
A7: • Abre la pestaña 'DATOS' (tabulador rojo)
A8: • Selecciona la celda A2 y pega la exportación de SAP
A9: • El archivo limpiarará automáticamente
A11: PASO 3: Ver Dashboard
A12: • Ve a la pestaña 'DASHBOARD' (tabulador dorado)
A13: • ¡Los vendedores verán la lista actualizada automáticamente!
A15: PASO 4: Subir a SharePoint
A16: • Guarda este archivo en la carpeta de SharePoint
... A22: • Usa los botones de filtro (si tienes tiempo, pedimos agregar)
